1,Aaron,22
2,Aaron,23
3,Abbey,23
4,Abbie,34
5,Abby,34
6,Abdul,34
7,Abe,34
8,Abel,34
9,Abigail,34
10,Abraham,34
11,Abram,34
12,Ada,34
13,Adah,34
14,Adalberto,34
15,Adaline,34
16,Virgina,34
17,Priya,34
18,Adan,34
19,Addie,34
20,Adela,34
21,Adelaida,34
22,Adelaide,34
23,Adele,34
24,Adelia,34
25,Adelina,34
26,Adeline,34
27,Adell,34
28,Adella,34
29,Adelle,34
30,Adena,34
31,Adina,34
32,Adolfo,34
33,Adolph,34
34,Adria,34
35,Adrian,34
36,Adrian,34
37,Adriana,34
38,Adriane,34
39,Adrianna,34
40,Adrianne,34
41,Adrien,34
42,Adriene,34
43,Adrienne,34
44,Afton,34
45,Agatha,34
46,Agnes,34
47,Agnus,34
48,Agripina,34
49,Agueda,34
50,Agustin,34
51,Agustina,34
52,Ahmad,34
53,Ahmed,34
54,Ai,34
55,Aida,34
56,Aide,34
57,Aiko,34
58,Aileen,34
59,Ailene,34
60,Aimee,34
61,Aisha,34
62,Aja,34
63,Akiko,34
64,Akilah,34
65,Al,34
66,Alaina,34
67,Alaine,34
68,Alan,34
69,Alana,34
70,Alane,34
71,Alanna,34
72,Alayna,34
73,Alba,34
74,Albert,34
75,Albert,34
76,Alberta,34
77,Albertha,34
78,Albertina,34
79,Albertine,34
80,Alberto,34
81,Albina,34
82,Alda,34
83,Alden,34
84,Aldo,34
85,Alease,34
86,Alec,34
87,Alecia,34
88,Aleen,34
89,Aleida,34
90,Aleisha,34
91,Alejandra,34
92,Alejandrina,34
93,Alejandro,34
94,Alena,34
95,Alene,34
96,Alesha,34
97,Aleshia,34
98,Alesia,34
99,Alessandra,34
100,Cathy,23
